{"proxies":{"org.iotashan.TiTouchImageView.TiTouchImageViewModule":{"superPackageName":"org.appcelerator.kroll","superProxyBindingClassName":"org.appcelerator.kroll.KrollModuleBindingGen","proxyClassName":"TiTouchImageViewModule","proxyAttrs":{"propertyAccessors":[],"fullAPIName":"TiTouchImageView","name":"TiTouchImageView","proxyClassName":"org.iotashan.TiTouchImageView.TiTouchImageViewModule","isTopLevel":false,"id":"org.iotashan.TiTouchImageView"},"packageName":"org.iotashan.TiTouchImageView","sourceName":"org.iotashan.TiTouchImageView.TiTouchImageViewModuleBindingGen","isTitaniumSdk":false,"superProxyClassName":"KrollModule","isModule":true,"genClassName":"TiTouchImageViewModuleBindingGen","onAppCreate":"onAppCreate"},"org.iotashan.TiTouchImageView.ViewProxy":{"superPackageName":"org.appcelerator.titanium.proxy","methods":{"resetZoom":{"runOnUiThread":false,"hasInvocation":false,"args":[],"apiName":"resetZoom","converter":"org.appcelerator.kroll.KrollConverter","defaultValueProvider":"org.appcelerator.kroll.KrollConverter","name":"__default_name__","returnType":"void"},"getCurrentZoom":{"runOnUiThread":false,"hasInvocation":false,"args":[],"apiName":"getCurrentZoom","converter":"org.appcelerator.kroll.KrollConverter","defaultValueProvider":"org.appcelerator.kroll.KrollConverter","name":"__default_name__","returnType":"float"},"getScrollPosition":{"runOnUiThread":false,"hasInvocation":false,"args":[],"apiName":"getScrollPosition","converter":"org.appcelerator.kroll.KrollConverter","defaultValueProvider":"org.appcelerator.kroll.KrollConverter","name":"__default_name__","returnType":"org.appcelerator.kroll.KrollDict"},"recycleBitmap":{"runOnUiThread":false,"hasInvocation":false,"args":[],"apiName":"recycleBitmap","converter":"org.appcelerator.kroll.KrollConverter","defaultValueProvider":"org.appcelerator.kroll.KrollConverter","name":"__default_name__","returnType":"void"},"scrollTo":{"runOnUiThread":false,"hasInvocation":false,"args":[{"converter":"org.appcelerator.kroll.KrollConverter","defaultValueProvider":"org.appcelerator.kroll.KrollConverter","name":"x","sourceName":"x","type":"float"},{"converter":"org.appcelerator.kroll.KrollConverter","defaultValueProvider":"org.appcelerator.kroll.KrollConverter","name":"y","sourceName":"y","type":"float"}],"apiName":"scrollTo","converter":"org.appcelerator.kroll.KrollConverter","defaultValueProvider":"org.appcelerator.kroll.KrollConverter","name":"__default_name__","returnType":"void"}},"superProxyBindingClassName":"org.appcelerator.titanium.proxy.TiViewProxyBindingGen","proxyClassName":"ViewProxy","proxyAttrs":{"propertyAccessors":["zoom","image","maxZoom","minZoom"],"fullAPIName":"TiTouchImageView.View","name":"View","proxyClassName":"org.iotashan.TiTouchImageView.ViewProxy","isTopLevel":false,"id":"org.iotashan.TiTouchImageView.ViewProxy","creatableInModule":"org.iotashan.TiTouchImageView.TiTouchImageViewModule","parentModule":"org.appcelerator.kroll.annotations.Kroll.DEFAULT"},"packageName":"org.iotashan.TiTouchImageView","sourceName":"org.iotashan.TiTouchImageView.ViewProxyBindingGen","isTitaniumSdk":false,"superProxyClassName":"TiViewProxy","isModule":false,"genClassName":"ViewProxyBindingGen"}},"modules":{"org.iotashan.TiTouchImageView.TiTouchImageViewModule":{"apiName":"TiTouchImageView","createProxies":[{"propertyAccessors":["zoom","image","maxZoom","minZoom"],"fullAPIName":"TiTouchImageView.View","name":"View","proxyClassName":"org.iotashan.TiTouchImageView.ViewProxy","isTopLevel":false,"id":"org.iotashan.TiTouchImageView.ViewProxy","creatableInModule":"org.iotashan.TiTouchImageView.TiTouchImageViewModule","parentModule":"org.appcelerator.kroll.annotations.Kroll.DEFAULT"}]}}}